Workbook

Sheet Dashboard
B2: TỔNG QUAN TIẾN ĐỘ ĐỀ TÀI — TUẦN 07
B3: Xây dựng hệ thống phân tích và giám sát sức khỏe dự án phần mềm dựa trên lịch sử kho mã nguồn Git (12 tuần / 2 thành viên)
B5: Thành viên 1 | C5: Trần Văn Tưởng — MSSV 23110170
B6: Thành viên 2 | C6: Trần Quang Toản — MSSV 23110158
B7: GVHD | C7: PGS.TS. Hoàng Văn Dũng
B8: Cập nhật lần cuối | C8: 46325
B11: Giai đoạn | C11: Tổng số việc | D11: Chưa bắt đầu | E11: Đang làm | F11: Hoàn thành | G11: Bị trì hoãn | H11: % Hoàn thành
B12: M0 — Đề cương | C12: =COUNTIF('Kế hoạch chi tiết'!$B$5:$B$43,$B12) | D12: =COUNTIFS('Kế hoạch chi tiết'!$B$5:$B$43,$B12,'Kế hoạch chi tiết'!$G$5:$G$43,"Chưa bắt đầu") | E12: =COUNTIFS('Kế hoạch chi tiết'!$B$5:$B$43,$B12,'Kế hoạch chi tiết'!$G$5:$G$43,"Đang làm") | F12: =COUNTIFS('Kế hoạch chi tiết'!$B$5:$B$43,$B12,'Kế hoạch chi tiết'!$G$5:$G$43,"Hoàn thành") | G12: =COUNTIFS('Kế hoạch chi tiết'!$B$5:$B$43,$B12,'Kế hoạch chi tiết'!$G$5:$G$43,"Bị trì hoãn") | H12: =IF(C12=0,0,F12/C12)
B13: M1 — Nghiên cứu & khảo sát | C13: =COUNTIF('Kế hoạch chi tiết'!$B$5:$B$43,$B13) | D13: =COUNTIFS('Kế hoạch chi tiết'!$B$5:$B$43,$B13,'Kế hoạch chi tiết'!$G$5:$G$43,"Chưa bắt đầu") | E13: =COUNTIFS('Kế hoạch chi tiết'!$B$5:$B$43,$B13,'Kế hoạch chi tiết'!$G$5:$G$43,"Đang làm") | F13: =COUNTIFS('Kế hoạch chi tiết'!$B$5:$B$43,$B13,'Kế hoạch chi tiết'!$G$5:$G$43,"Hoàn thành") | G13: =COUNTIFS('Kế hoạch chi tiết'!$B$5:$B$43,$B13,'Kế hoạch chi tiết'!$G$5:$G$43,"Bị trì hoãn") | H13: =IF(C13=0,0,F13/C13)
B14: M2 — Phân tích & thiết kế kiến trúc | C14: =COUNTIF('Kế hoạch chi tiết'!$B$5:$B$43,$B14) | D14: =COUNTIFS('Kế hoạch chi tiết'!$B$5:$B$43,$B14,'Kế hoạch chi tiết'!$G$5:$G$43,"Chưa bắt đầu") | E14: =COUNTIFS('Kế hoạch chi tiết'!$B$5:$B$43,$B14,'Kế hoạch chi tiết'!$G$5:$G$43,"Đang làm") | F14: =COUNTIFS('Kế hoạch chi tiết'!$B$5:$B$43,$B14,'Kế hoạch chi tiết'!$G$5:$G$43,"Hoàn thành") | G14: =COUNTIFS('Kế hoạch chi tiết'!$B$5:$B$43,$B14,'Kế hoạch chi tiết'!$G$5:$G$43,"Bị trì hoãn") | H14: =IF(C14=0,0,F14/C14)
B15: M3 — Thiết kế chi tiết | C15: =COUNTIF('Kế hoạch chi tiết'!$B$5:$B$43,$B15) | D15: =COUNTIFS('Kế hoạch chi tiết'!$B$5:$B$43,$B15,'Kế hoạch chi tiết'!$G$5:$G$43,"Chưa bắt đầu") | E15: =COUNTIFS('Kế hoạch chi tiết'!$B$5:$B$43,$B15,'Kế hoạch chi tiết'!$G$5:$G$43,"Đang làm") | F15: =COUNTIFS('Kế hoạch chi tiết'!$B$5:$B$43,$B15,'Kế hoạch chi tiết'!$G$5:$G$43,"Hoàn thành") | G15: =COUNTIFS('Kế hoạch chi tiết'!$B$5:$B$43,$B15,'Kế hoạch chi tiết'!$G$5:$G$43,"Bị trì hoãn") | H15: =IF(C15=0,0,F15/C15)
B16: M4 — Cài đặt hệ thống | C16: =COUNTIF('Kế hoạch chi tiết'!$B$5:$B$43,$B16) | D16: =COUNTIFS('Kế hoạch chi tiết'!$B$5:$B$43,$B16,'Kế hoạch chi tiết'!$G$5:$G$43,"Chưa bắt đầu") | E16: =COUNTIFS('Kế hoạch chi tiết'!$B$5:$B$43,$B16,'Kế hoạch chi tiết'!$G$5:$G$43,"Đang làm") | F16: =COUNTIFS('Kế hoạch chi tiết'!$B$5:$B$43,$B16,'Kế hoạch chi tiết'!$G$5:$G$43,"Hoàn thành") | G16: =COUNTIFS('Kế hoạch chi tiết'!$B$5:$B$43,$B16,'Kế hoạch chi tiết'!$G$5:$G$43,"Bị trì hoãn") | H16: =IF(C16=0,0,F16/C16)
B17: M5 — Thực nghiệm & đánh giá | C17: =COUNTIF('Kế hoạch chi tiết'!$B$5:$B$43,$B17) | D17: =COUNTIFS('Kế hoạch chi tiết'!$B$5:$B$43,$B17,'Kế hoạch chi tiết'!$G$5:$G$43,"Chưa bắt đầu") | E17: =COUNTIFS('Kế hoạch chi tiết'!$B$5:$B$43,$B17,'Kế hoạch chi tiết'!$G$5:$G$43,"Đang làm") | F17: =COUNTIFS('Kế hoạch chi tiết'!$B$5:$B$43,$B17,'Kế hoạch chi tiết'!$G$5:$G$43,"Hoàn thành") | G17: =COUNTIFS('Kế hoạch chi tiết'!$B$5:$B$43,$B17,'Kế hoạch chi tiết'!$G$5:$G$43,"Bị trì hoãn") | H17: =IF(C17=0,0,F17/C17)
B18: M6 — Viết & hoàn thiện | C18: =COUNTIF('Kế hoạch chi tiết'!$B$5:$B$43,$B18) | D18: =COUNTIFS('Kế hoạch chi tiết'!$B$5:$B$43,$B18,'Kế hoạch chi tiết'!$G$5:$G$43,"Chưa bắt đầu") | E18: =COUNTIFS('Kế hoạch chi tiết'!$B$5:$B$43,$B18,'Kế hoạch chi tiết'!$G$5:$G$43,"Đang làm") | F18: =COUNTIFS('Kế hoạch chi tiết'!$B$5:$B$43,$B18,'Kế hoạch chi tiết'!$G$5:$G$43,"Hoàn thành") | G18: =COUNTIFS('Kế hoạch chi tiết'!$B$5:$B$43,$B18,'Kế hoạch chi tiết'!$G$5:$G$43,"Bị trì hoãn") | H18: =IF(C18=0,0,F18/C18)
B19: TỔNG CỘNG | C19: =SUM(C12:C18) | D19: =SUM(D12:D18) | E19: =SUM(E12:E18) | F19: =SUM(F12:F18) | G19: =SUM(G12:G18) | H19: =IF(C19=0,0,F19/C19)
B21: Tuần 07 (25–31/10/2026), cập nhật 30/10. Nền: main 32eb6a7 + codex/tuong-week7.

Sheet Kế hoạch chi tiết
A1: KẾ HOẠCH CHI TIẾT — BÁO CÁO TUẦN 07 (25–31/10/2026)
A2: Xây dựng hệ thống phân tích và giám sát sức khỏe dự án phần mềm dựa trên lịch sử kho mã nguồn Git — 12 tuần — Tưởng (23110170) & Toản (23110158)
A4: STT | B4: Giai đoạn | C4: Công việc | D4: Mô tả / Cách làm | E4: Người phụ trách | F4: Độ ưu tiên | G4: Trạng thái | H4: Tuần bắt đầu | I4: Tuần kết thúc | J4: Phụ thuộc | K4: Ghi chú
A5: 1 | B5: M0 — Đề cương | C5: Hoàn thành đề cương tiểu luận | D5: Xác định lý do chọn đề tài, mục tiêu, phạm vi, phương pháp thực hiện và đề cương chi tiết các chương. | E5: Cả 2 (Tưởng + Toản) | F5: Cao | G5: Hoàn thành | H5: 1 | I5: 1 | J5: — | K5: Đã nộp GVHD duyệt — bản design-first
A6: 2 | B6: M1 — Nghiên cứu & khảo sát | C6: Duy trì AI Usage Log | D6: Ghi công cụ AI đã dùng, phạm vi, prompt chính, phần AI hỗ trợ/đã chỉnh sửa, lỗi/ảo giác phát hiện được; đối chiếu với lịch sử commit và báo cáo tuần trên web khoa. | E6: Cả 2 (Tưởng + Toản) | F6: Cao | G6: Đang làm | H6: 1 | I6: 12 | J6: — | K6: Đã ghi đầy đủ AI Usage Log tới tuần 7 cho cả hai thành viên (docs/ai-usage/tuong-week07.md, docs/week-07/ai-usage-toan-week07.md); đối chiếu rõ số liệu tự chạy (41/41 test không cần DB) và số liệu bàn giao cần PostgreSQL (58/88 test).
A7: 3 | B7: M1 — Nghiên cứu & khảo sát | C7: Nghiên cứu nợ kỹ thuật và hướng MSR | D7: Đọc tài liệu về technical debt, Mining Software Repositories; tổng hợp khái niệm dùng cho Chương 1. | E7: Cả 2 (Tưởng + Toản) | F7: Cao | G7: Hoàn thành | H7: 2 | I7: 2 | J7: M0
A8: 4 | B8: M1 — Nghiên cứu & khảo sát | C8: Nghiên cứu bộ chỉ số sức khỏe mã nguồn | D8: Tìm hiểu change frequency, code churn, cyclomatic complexity, hotspot score, temporal coupling và contribution concentration (HHI); chốt baseline công thức, ý nghĩa và giới hạn diễn giải trước khi bước sang thiết kế/cài đặt. | E8: Cả 2 (Tưởng + Toản) | F8: Cao | G8: Hoàn thành | H8: 2 | I8: 3 | J8: M0 | K8: Đã thống nhất baseline Metric Spec v1: temporal coupling = shared_commits / min(|C_A|,|C_B|), lọc shared≥5 và coupling≥50%; HHI đo mức tập trung đóng góp lịch sử dựa trên churn, không suy ra trực tiếp mức hiểu mã; hotspot giữ sqrt(P_change×P_complexity). Đã PoC JGit + Lizard trên repo mẫu; PoC chưa tích hợp vào backend production. Xem docs/metric-spec-v1.md và docs/research-notes.md.
A9: 5 | B9: M1 — Nghiên cứu & khảo sát | C9: Khảo sát công cụ hiện có (competitor matrix) | D9: So sánh SonarQube, CodeScene, Code Maat, CodeCharta (Git-of-Theseus bổ sung nếu cần); lập competitor matrix xác định khoảng trống đề tài hướng tới. | E9: Cả 2 (Tưởng + Toản) | F9: Trung bình | G9: Hoàn thành | H9: 2 | I9: 2 | J9: — | K9: Đẩy sớm 1 tuần theo phản hồi GVHD tuần 1 (cần khảo sát trước khi thiết kế); đã rút kết luận chức năng nên/không nên làm
A10: 6 | B10: M1 — Nghiên cứu & khảo sát | C10: Tìm hiểu công nghệ sử dụng | D10: Đọc tài liệu Spring Boot, JGit, PostgreSQL, Lizard, React, Recharts/D3.js, Docker, GitHub Actions để chuẩn bị cài đặt. | E10: Cả 2 (Tưởng + Toản) | F10: Trung bình | G10: Đang làm | H10: 3 | I10: 3 | J10: — | K10: Đã nghiên cứu và soạn thiết kế JGit full clone, Lizard, TaskExecutor và PostgreSQL. Mã hiện có: repository API, lưu PostgreSQL, React gọi API. Tiếp tục kiểm chứng công nghệ khi cài pipeline.
A11: 7 | B11: M1 — Nghiên cứu & khảo sát | C11: Phỏng vấn stakeholder | D11: Phỏng vấn ít nhất 3 người có kinh nghiệm phát triển dự án dùng Git để kiểm chứng nhu cầu người dùng và điều chỉnh workflow trước khi chốt SRS. | E11: Cả 2 (Tưởng + Toản) | F11: Cao | G11: Hoàn thành | H11: 2 | I11: 3 | J11: — | K11: Đã tổng hợp 5 bộ trả lời S01–S05 trong docs/interview-notes.md: Toản cung cấp 3, Tưởng bổ sung 2. Đây là khảo sát nhu cầu, chưa phải thực nghiệm sử dụng sản phẩm.
A12: 8 | B12: M2 — Phân tích & thiết kế kiến trúc | C12: Phân tích yêu cầu hệ thống | D12: Xác định nhóm người dùng, yêu cầu chức năng và phi chức năng (hiệu năng, mở rộng, bảo mật). | E12: Cả 2 (Tưởng + Toản) | F12: Cao | G12: Hoàn thành | H12: 4 | I12: 4 | J12: M1 | K12: Đã soạn bản yêu cầu tuần 4 với 11 use case, 25 tiêu chí chấp nhận và truy vết khảo sát. Hoàn thành bản tài liệu để review, chưa xác nhận GVHD phê duyệt. Minh chứng: docs/requirements-week4.md.
A13: 9 | B13: M2 — Phân tích & thiết kế kiến trúc | C13: Vẽ use case và đặc tả use case chính | D13: Lập biểu đồ use case tổng quát; đặc tả 100% use case cốt lõi (phân tích repo, xem báo cáo, cảnh báo, AI review) có precondition/main flow/alternate/exception/acceptance criteria. | E13: Cả 2 (Tưởng + Toản) | F13: Trung bình | G13: Đang làm | H13: 2 | I13: 4 | J13: Phân tích yêu cầu | K13: Đã đặc tả 11 use case: actor, điều kiện, luồng chính, ngoại lệ và 25 tiêu chí chấp nhận. Còn hoàn thiện biểu đồ use case tổng quát và review. Minh chứng: docs/requirements-week4.md.
A14: 10 | B14: M2 — Phân tích & thiết kế kiến trúc | C14: Xác định business rules và NFR | D14: Chốt business rules cốt lõi và yêu cầu phi chức năng. NFR03 đặt mục tiêu phân tích repository tối đa 10.000 commit trong ≤10 phút; chỉ kết luận đạt sau khi benchmark pipeline hoàn chỉnh, có log môi trường và thời gian từng bước. | E14: Cả 2 (Tưởng + Toản) | F14: Cao | G14: Đang làm | H14: 4 | I14: 4 | J14: Phân tích yêu cầu | K14: Đã soạn 18 business rules (13 kế thừa, 5 bổ sung), 10 NFR và cách đo. BR14/BR16, quota và KPI nâng cao còn chờ chốt. NFR 10.000 commit/10 phút chưa benchmark. Xem docs/business-rules-nfr.md.
A15: 11 | B15: M2 — Phân tích & thiết kế kiến trúc | C15: Thiết kế kiến trúc tổng thể | D15: Thiết kế luồng xử lý bất đồng bộ (job worker qua PostgreSQL + TaskExecutor, không dùng Redis) và tổ chức modular monolith. | E15: Tưởng | F15: Cao | G15: Hoàn thành | H15: 4 | I15: 5 | J15: Phân tích yêu cầu | K15: Đã có thiết kế modular monolith, PostgreSQL + TaskExecutor. Tuần 5 cụ thể hóa thành thuật toán, snapshot và cơ chế cảnh báo; đối chiếu với mô hình dữ liệu Toản. Hoàn thành bản thiết kế để review, chưa triển khai pipeline.
A16: 12 | B16: M2 — Phân tích & thiết kế kiến trúc | C16: Thiết kế API contract & ADR | D16: Đặc tả API chính (POST repository, POST analysis, GET job/snapshot/hotspot/alert) và lập ADR đầu tiên (Context/Decision/Alternatives/Why selected/Consequences). | E16: Toản | F16: Trung bình | G16: Đang làm | H16: 4 | I16: 5 | J16: Thiết kế kiến trúc | K16: Tiếp thu GVHD: 40/40 test đạt, gồm 16 URL, 23 HTTP và 1 context trên PostgreSQL 18.6 riêng. Đã kiểm tra DTO, mã lỗi, phân trang, CORS, cờ đăng ký và trùng đồng thời. API pipeline/AI còn ở thiết kế.
A17: 13 | B17: M2 — Phân tích & thiết kế kiến trúc | C17: Dựng skeleton + CI cơ bản & staging | D17: Dựng khung backend/frontend, pipeline CI (build, lint, test) từ tuần 2; môi trường staging phải truy cập được chậm nhất cuối tuần 3. | E17: Cả 2 (Tưởng + Toản) | F17: Cao | G17: Hoàn thành | H17: 2 | I17: 3 | J17: — | K17: Đã có skeleton, CI và staging từ tuần 4. Ngày 16/10 chạy Maven verify với Java 21/PostgreSQL 18.6: 40 test đạt. Kết quả local, chưa xác minh lại CI hoặc triển khai bản sửa lên staging.
A18: 14 | B18: M2 — Phân tích & thiết kế kiến trúc | C18: Chốt phạm vi trợ lý rà soát bằng LLM | D18: Xác định context gửi model (metric, thay đổi gần đây, đoạn mã chọn), output schema, provider abstraction, timeout/fallback và chính sách không tự động sửa mã; cô lập khỏi metric engine. | E18: Cả 2 (Tưởng + Toản) | F18: Cao | G18: Đang làm | H18: 3 | I18: 4 | J18: Phân tích yêu cầu | K18: Đã có scope, schema 5 trường, interface LLMReviewService và prompt ai-review/v1. Chưa chọn provider, chốt token budget và chính sách lưu dữ liệu; hoàn thiện tuần 6.
A19: 15 | B19: M3 — Thiết kế chi tiết | C19: Thiết kế thuật toán tính chỉ số | D19: Thiết kế thuật toán trích xuất commit, change frequency, code churn, cyclomatic complexity (Lizard), chuẩn hóa percentile và hotspot score = sqrt(P_change×P_complexity). Temporal coupling v1 = shared_commits/min(|C_A|,|C_B|), chỉ báo cáo khi shared≥5 và coupling≥50%. Contribution concentration dùng HHI trên churn (additions+deletions); file complexity cho hotspot dùng max function CCN. JGit bật rename detection và loại merge commit khỏi metric lịch sử. | E19: Tưởng | F19: Cao | G19: Hoàn thành | H19: 5 | I19: 5 | J19: Thiết kế kiến trúc | K19: Đã soạn docs/algorithm-design.md: giả mã frequency/churn, HHI, coupling, CCN và hotspot; xử lý rename, zero/null, ties và phạm vi cửa sổ. Ví dụ số đã kiểm tra tĩnh. Hoàn thành bản thiết kế; lựa chọn chi tiết còn review trước code.
... A32: 28 | B32: M4 — Cài đặt hệ thống | C32: Tích hợp và kiểm thử toàn hệ thống | D32: Ghép các mô-đun, kiểm thử end-to-end trên vài repo mẫu (kể cả module AI review với fake provider/timeout/fallback), sửa lỗi phát sinh. | E32: Cả 2 (Tưởng + Toản) | F32: Cao | G32: Chưa bắt đầu | H32: 8 | I32: 8 | J32: Đóng gói Docker | K32: Chưa kiểm thử tích hợp toàn bộ pipeline. Tuần 5 mới xác thực API repository/health với PostgreSQL riêng; 40 test backend đạt không đồng nghĩa toàn hệ thống đã nghiệm thu.
A33: 29 | B33: M5 — Thực nghiệm & đánh giá | C33: Chọn tập dữ liệu thực nghiệm | D33: Xác định tiêu chí, chọn 3–5 dự án Java OSS đủ lịch sử; chọn trước khi xem kết quả mô hình để hạn chế cherry-picking. | E33: Cả 2 (Tưởng + Toản) | F33: Trung bình | G33: Chưa bắt đầu | H33: 9 | I33: 9 | J33: Hệ thống chạy được
A34: 30 | B34: M5 — Thực nghiệm & đánh giá | C34: Thực nghiệm RQ1: xếp hạng rủi ro | D34: So sánh mô hình kết hợp (hotspot score) với 2 baseline (change frequency only, complexity only) theo temporal split; đo Precision@K, Recall@K, MAP. | E34: Tưởng | F34: Cao | G34: Chưa bắt đầu | H34: 9 | I34: 9 | J34: Chọn dữ liệu thực nghiệm
A35: 31 | B35: M5 — Thực nghiệm & đánh giá | C35: Thực nghiệm RQ2: theo dõi xu hướng qua snapshot | D35: Chạy giám sát nhiều lần trên dữ liệu lịch sử, đánh giá khả năng phát hiện và giải thích thay đổi rủi ro bảo trì theo thời gian. | E35: Toản | F35: Cao | G35: Chưa bắt đầu | H35: 9 | I35: 10 | J35: Chọn dữ liệu thực nghiệm
A36: 32 | B36: M5 — Thực nghiệm & đánh giá | C36: Thực nghiệm hiệu năng | D36: Đo thời gian phân tích theo quy mô kho mã nguồn (tối đa 10.000 commit gần nhất). | E36: Toản | F36: Trung bình | G36: Chưa bắt đầu | H36: 10 | I36: 10 | J36: Hệ thống chạy được
A37: 33 | B37: M5 — Thực nghiệm & đánh giá | C37: Thực nghiệm người dùng (RQ3) | D37: Tuyển 5–9 người dùng thực (mức cam kết Mức 4); thực hiện 7 task chuẩn (thêm repo, tìm 5 file ưu tiên, giải thích risk, xác định coupling, xem snapshot, xác định cảnh báo, dùng trợ lý AI review); đo task success ≥80%, SUS ≥68. | E37: Cả 2 (Tưởng + Toản) | F37: Cao | G37: Chưa bắt đầu | H37: 10 | I37: 10 | J37: Hệ thống chạy được | K37: Giữ mục tiêu đề cương: 5–9 người, task success ≥80%, SUS ≥68. KPI nâng cao trong tài liệu tuần 4 là đề xuất, chưa thay cam kết này.
A38: 34 | B38: M5 — Thực nghiệm & đánh giá | C38: Cải tiến sau phản hồi người dùng | D38: Thực hiện ít nhất một vòng cải tiến sản phẩm dựa trên phản hồi thực nghiệm người dùng. | E38: Cả 2 (Tưởng + Toản) | F38: Trung bình | G38: Chưa bắt đầu | H38: 10 | I38: 11 | J38: Thực nghiệm người dùng (RQ3)
A39: 35 | B39: M5 — Thực nghiệm & đánh giá | C39: Tổng hợp và so sánh với công cụ hiện có | D39: Tổng hợp kết quả RQ1–RQ3, so sánh với SonarQube/CodeScene, nêu Threats to Validity và hạn chế của kết quả thực nghiệm. | E39: Cả 2 (Tưởng + Toản) | F39: Trung bình | G39: Chưa bắt đầu | H39: 10 | I39: 11 | J39: Các thực nghiệm hoàn thành
A40: 36 | B40: M6 — Viết & hoàn thiện | C40: Viết Chương 3 và Chương 4 | D40: Viết nội dung cài đặt hệ thống và thực nghiệm - đánh giá dựa trên kết quả thực tế đã có. | E40: Cả 2 (Tưởng + Toản) | F40: Cao | G40: Chưa bắt đầu | H40: 11 | I40: 11 | J40: M4, M5 hoàn thành
A41: 37 | B41: M6 — Viết & hoàn thiện | C41: Viết kết luận, tài liệu tham khảo, phụ lục | D41: Tổng kết kết quả đạt được, hạn chế đề tài, hướng phát triển; hoàn thiện danh mục tài liệu tham khảo. | E41: Cả 2 (Tưởng + Toản) | F41: Trung bình | G41: Chưa bắt đầu | H41: 11 | I41: 11 | J41: Viết Chương 3-4
A42: 38 | B42: M6 — Viết & hoàn thiện | C42: Chuẩn bị bản demo và slide báo cáo | D42: Chuẩn bị kịch bản demo trên vài repo mẫu và slide trình bày trước GVHD. | E42: Cả 2 (Tưởng + Toản) | F42: Cao | G42: Chưa bắt đầu | H42: 12 | I42: 12 | J42: Hệ thống hoàn chỉnh
A43: 39 | B43: M6 — Viết & hoàn thiện | C43: Rà soát, chỉnh sửa và nộp tiểu luận | D43: Đọc lại toàn bộ tiểu luận, format theo quy định, kiểm tra lỗi chính tả/trích dẫn, nộp bài đúng hạn. | E43: Cả 2 (Tưởng + Toản) | F43: Cao | G43: Chưa bắt đầu | H43: 12 | I43: 12 | J43: Toàn bộ nội dung hoàn thành
A45: Chú thích trạng thái: | B45: Hoàn thành | C45: Đang làm | D45: Chưa bắt đầu | E45: Bị trì hoãn
